SYMBOL,SECTOR
20MICRONS,Basic Materials
21STCENMGM,Financial Services
360ONE,Financial Services
3BBLACKBIO,Unknown
3IINFOLTD,Technology
3MINDIA,Industrials
3PLAND,Unknown
5PAISA,Financial Services
63MOONS,Technology
A2ZINFRA,Industrials
AAATECH,Technology
AADHARHFC,Financial Services
AAKASH,Energy
AAREYDRUGS,Healthcare
AARNAV,Unknown
AARON,Industrials
AARTECH,Industrials
AARTIDRUGS,Healthcare
AARTIIND,Basic Materials
AARTIPHARM,Healthcare
AARTISURF,Basic Materials
AARVI,Industrials
AAVAS,Financial Services
ABAN,Energy
ABANSENT,Unknown
ABB,Industrials
ABBOTINDIA,Healthcare
ABCAPITAL,Financial Services
ABCOTS,Consumer Cyclical
ABDL,Consumer Defensive
ABFRL,Consumer Cyclical
ABINFRA,Industrials
ABLBL,Consumer Cyclical
ABMINTLLTD,Basic Materials
ABMKNO,Unknown
ABREL,Real Estate
ABSLAMC,Financial Services
ACC,Basic Materials
ACCELYA,Technology
ACCURACY,Industrials
ACE,Industrials
ACEINTEG,Industrials
ACI,Basic Materials
ACL,Basic Materials
ACMESOLAR,Utilities
ACSTECH,Unknown
ACUTAAS,Basic Materials
ADANIENSOL,Utilities
ADANIENT,Energy
ADANIGREEN,Utilities
ADANIPORTS,Industrials
ADANIPOWER,Utilities
ADFFOODS,Consumer Defensive
ADL,Consumer Cyclical
ADOR,Industrials
ADROITINFO,Technology
ADSL,Technology
ADVAIT,Industrials
ADVANCE,Basic Materials
ADVANIHOTR,Consumer Cyclical
ADVENTHTL,Consumer Cyclical
ADVENZYMES,Basic Materials
AEGISLOG,Energy
AEGISVOPAK,Energy
AEPL,Industrials
AEQUS,Industrials
AEROENTER,Basic Materials
AEROFLEX,Industrials
AERONEU,Consumer Cyclical
AETHER,Basic Materials
AFCONS,Industrials
AFFLE,Communication Services
AFFORDABLE,Industrials
AFIL,Financial Services
AFSL,Financial Services
AGARIND,Basic Materials
AGARWALEYE,Healthcare
AGI,Consumer Cyclical
AGIIL,Real Estate
AGRITECH,Consumer Defensive
AGROPHOS,Basic Materials
AGSTRA,Technology
AHCL,Healthcare
AHLADA,Industrials
AHLEAST,Consumer Cyclical
AHLUCONT,Industrials
AHLWEST,Consumer Cyclical
AIAENG,Industrials
AIIL,Financial Services
AIRAN,Technology
AIROLAM,Consumer Cyclical
AJANTPHARM,Healthcare
AJAXENGG,Industrials
AJMERA,Real Estate
AJOONI,Consumer Defensive
AKASH,Industrials
AKCAPIT,Unknown
AKG,Industrials
AKI,Consumer Cyclical
AKSHAR,Consumer Cyclical
AKSHARCHEM,Basic Materials
AKSHOPTFBR,Technology
AKUMS,Healthcare
ALANKIT,Technology
ALBERTDAVD,Healthcare
ALEMBICLTD,Real Estate
ALGOQUANT,Financial Services
ALICON,Industrials
ALIVUS,Healthcare
ALKALI,Basic Materials
ALKEM,Healthcare
ALKYLAMINE,Basic Materials
ALLCARGO,Industrials
ALLDIGI,Industrials
ALLTIME,Consumer Defensive
ALMONDZ,Financial Services
ALOKINDS,Consumer Cyclical
ALPA,Healthcare
ALPHAGEO,Energy
AMAGI,Technology
AMANTA,Healthcare
AMBALALSA,Healthcare
AMBER,Consumer Cyclical
AMBICAAGAR,Consumer Defensive
AMBIKCO,Consumer Cyclical
AMBUJACEM,Basic Materials
AMDIND,Consumer Cyclical
AMIRCHAND,Consumer Defensive
AMJLAND,Real Estate
AMNPLST,Basic Materials
AMRUTANJAN,Healthcare
ANANDRATHI,Financial Services
ANANTRAJ,Real Estate
ANDHRAPAP,Basic Materials
ANDHRSUGAR,Basic Materials
ANGELONE,Financial Services
ANIKINDS,Consumer Defensive
ANKITMETAL,Basic Materials
ANMOL,Energy
ANSALAPI,Real Estate
ANTELOPUS,Energy
ANTGRAPHIC,Consumer Cyclical
ANTHEM,Healthcare
ANUHPHR,Healthcare
ANUP,Industrials
ANURAS,Basic Materials
APARINDS,Industrials
APCL,Basic Materials
APCOTEXIND,Basic Materials
APEX,Consumer Defensive
APLAPOLLO,Basic Materials
APLLTD,Healthcare
APOLLO,Industrials
APOLLOHOSP,Healthcare
APOLLOPIPE,Industrials
APOLLOTYRE,Consumer Cyclical
APOLSINHOT,Industrials
APTECHT,Consumer Defensive
APTUS,Financial Services
AQYLON,Communication Services
ARCHIDPLY,Basic Materials
ARCHIES,Consumer Cyclical
ARE&M,Industrials
ARENTERP,Basic Materials
ARFIN,Basic Materials
ARIES,Basic Materials
ARIHANT,Real Estate
ARIHANTCAP,Financial Services
ARIHANTSUP,Real Estate
ARIS,Industrials
ARKADE,Real Estate
ARMANFIN,Financial Services
AROGRANITE,Industrials
ARROWGREEN,Consumer Cyclical
ARSHIYA,Industrials
ARSSBL,Financial Services
ARTEMISMED,Unknown
ARTNIRMAN,Real Estate
ARVEE,Basic Materials
ARVIND,Consumer Cyclical
ARVINDFASN,Consumer Cyclical
ARVSMART,Real Estate
ASAHIINDIA,Consumer Cyclical
ASAHISONG,Basic Materials
ASAL,Consumer Cyclical
ASALCBR,Consumer Defensive
ASHAPURMIN,Basic Materials
ASHIANA,Real Estate
ASHIKA,Unknown
ASHIMASYN,Real Estate
ASHOKA,Industrials
ASHOKAMET,Basic Materials
ASHOKLEY,Industrials
ASIANENE,Energy
ASIANHOTNR,Consumer Cyclical
ASIANPAINT,Basic Materials
ASIANTILES,Industrials
ASKAUTOLTD,Consumer Cyclical
ASMS,Technology
ASPINWALL,Consumer Defensive
ASTAR,Unknown
ASTEC,Basic Materials
ASTERDM,Healthcare
ASTRAL,Industrials
ASTRAMICRO,Technology
ASTRAZEN,Healthcare
ASTRON,Basic Materials
ATALREAL,Industrials
ATAM,Industrials
ATGL,Utilities
ATHERENERG,Consumer Cyclical
ATL,Industrials
ATLANTAA,Industrials
ATLANTAELE,Industrials
ATLASCYCLE,Consumer Cyclical
ATUL,Basic Materials
ATULAUTO,Consumer Cyclical
AUBANK,Financial Services
AURIGROW,Industrials
AURIONPRO,Technology
AUROPHARMA,Healthcare
AURUM,Real Estate
AUSOMENT,Financial Services
AUTOAXLES,Consumer Cyclical
AUTOIND,Consumer Cyclical
AVADHSUGAR,Consumer Defensive
AVAILFC,Unknown
AVALON,Technology
AVANTEL,Technology
AVANTIFEED,Consumer Defensive
AVG,Industrials
AVL,Consumer Cyclical
AVONMORE,Financial Services
AVROIND,Consumer Cyclical
AVTNPL,Basic Materials
AWFIS,Industrials
AWHCL,Industrials
AWL,Consumer Defensive
AXISBANK,Financial Services
AXISCADES,Industrials
AXITA,Consumer Cyclical
AYE,Financial Services
AYMSYNTEX,Consumer Cyclical
AZAD,Industrials
BAFNAPH,Healthcare
BAGFILMS,Communication Services
BAIDFIN,Financial Services
BAJAJ-AUTO,Consumer Cyclical
BAJAJCON,Consumer Defensive
BAJAJELEC,Consumer Cyclical
BAJAJFINSV,Financial Services
BAJAJHCARE,Healthcare
BAJAJHFL,Financial Services
BAJAJHIND,Consumer Defensive
BAJAJHLDNG,Financial Services
BAJAJINDEF,Industrials
BAJAJST,Unknown
BAJEL,Utilities
BAJFINANCE,Financial Services
BALAJEE,Consumer Cyclical
BALAJITELE,Communication Services
BALAMINES,Basic Materials
BALAXI,Healthcare
BALKRISHNA,Consumer Cyclical
BALKRISIND,Consumer Cyclical
BALMLAWRIE,Industrials
BALPHARMA,Healthcare
BALRAMCHIN,Consumer Defensive
BALUFORGE,Industrials
BANARBEADS,Consumer Cyclical
BANARISUG,Consumer Defensive
BANCOINDIA,Consumer Cyclical
BANDHANBNK,Financial Services
BANG,Consumer Cyclical
BANKA,Industrials
BANKBARODA,Financial Services
BANKINDIA,Financial Services
BANSALWIRE,Basic Materials
BANSWRAS,Consumer Cyclical
BASF,Basic Materials
BASML,Consumer Cyclical
BATAINDIA,Consumer Cyclical
BATLIBOI,Industrials
BAYERCROP,Basic Materials
BBL,Industrials
BBOX,Technology
BBTC,Consumer Defensive
BBTCL,Consumer Cyclical
BCG,Communication Services
BCLIND,Consumer Defensive
BCONCEPTS,Consumer Cyclical
BCPL,Industrials
BDL,Industrials
BEARDSELL,Industrials
BECTORFOOD,Consumer Defensive
BEDMUTHA,Basic Materials
BEEKAY,Unknown
BEL,Industrials
BELLACASA,Consumer Cyclical
BELRISE,Consumer Cyclical
BEML,Industrials
BENGALASM,Unknown
BEPL,Basic Materials
BERGEPAINT,Basic Materials
BESTAGRO,Basic Materials
BETA,Healthcare
BFINVEST,Financial Services
BFUTILITIE,Industrials
BGLOBAL,Technology
BGRENERGY,Industrials
BHAGCHEM,Basic Materials
BHAGERIA,Basic Materials
BHAGYANGR,Basic Materials
BHANDARI,Consumer Cyclical
BHARATCOAL,Basic Materials
BHARATFORG,Consumer Cyclical
BHARATGEAR,Consumer Cyclical
BHARATRAS,Basic Materials
BHARATSE,Consumer Cyclical
BHARATWIRE,Basic Materials
BHARTIARTL,Communication Services
BHARTIHEXA,Communication Services
BHEL,Industrials
BI,Unknown
BIGBLOC,Industrials
BIKAJI,Consumer Defensive
BIL,Consumer Cyclical
BILVYAPAR,Basic Materials
BIMETAL,Consumer Cyclical
BIOCON,Healthcare
BIOFILCHEM,Healthcare
BIRLACABLE,Technology
BIRLACORPN,Basic Materials
BIRLAMONEY,Financial Services
BIRLANU,Industrials
BIRLAPREC,Unknown
BLACKBUCK,Technology
BLACKROSE,Unknown
BLAL,Financial Services
BLBLIMITED,Financial Services
BLIL,Unknown
BLISSGVS,Healthcare
BLKASHYAP,Industrials
BLS,Industrials
BLSE,Industrials
BLUECHIP,Financial Services
BLUECOAST,Consumer Cyclical
BLUEDART,Industrials
BLUEJET,Healthcare
BLUESTARCO,Industrials
BLUESTONE,Consumer Cyclical
BLUSPRING,Industrials
BMWVENTLTD,Basic Materials
BNAGROCHEM,Unknown
BNALTD,Unknown
BODALCHEM,Basic Materials
BOHRAIND,Basic Materials
BOMDYEING,Consumer Cyclical
BONLON,Basic Materials
BORANA,Consumer Cyclical
BOROLTD,Consumer Cyclical
BORORENEW,Technology
BOROSCI,Consumer Cyclical
BOSCH-HCIL,Consumer Cyclical
BOSCHLTD,Consumer Cyclical
BPCL,Energy
BPL,Technology
BRIGADE,Real Estate
BRIGHOTEL,Consumer Cyclical
BRITANNIA,Consumer Defensive
BRNL,Industrials
BROOKS,Healthcare
BSE,Financial Services
BSHSL,Basic Materials
BSL,Consumer Cyclical
BSOFT,Technology
BTML,Communication Services
BTTL,Consumer Cyclical
BUILDPRO,Consumer Cyclical
BUTTERFLY,Consumer Cyclical
BVCL,Basic Materials
BYKE,Consumer Cyclical
CALSOFT,Technology
CAMLINFINE,Basic Materials
CAMPUS,Consumer Cyclical
CAMS,Technology
CANBK,Financial Services
CANFINHOME,Financial Services
CANHLIFE,Financial Services
CANTABIL,Consumer Cyclical
CAPACITE,Industrials
CAPILLARY,Technology
CAPITALSFB,Financial Services
CAPLIPOINT,Healthcare
CAPTRUST,Financial Services
CARBORUNIV,Industrials
CARERATING,Financial Services
CARRARO,Consumer Cyclical
CARTRADE,Consumer Cyclical
CARYSIL,Consumer Cyclical
CASTROLIND,Energy
CCAVENUE,Technology
CCCL,Industrials
CCHHL,Consumer Cyclical
CCL,Consumer Defensive
CDSL,Financial Services
CEATLTD,Consumer Cyclical
CEIGALL,Industrials
CEINSYS,Industrials
CELEBRITY,Consumer Cyclical
CELLO,Consumer Cyclical
CEMPRO,Industrials
CENTENKA,Consumer Cyclical
CENTEXT,Basic Materials
CENTRALBK,Financial Services
CENTRUM,Financial Services
CENTUM,Technology
CENTURYPLY,Basic Materials
CERA,Industrials
CEREBRAINT,Industrials
CESC,Utilities
CEWATER,Utilities
CGCL,Financial Services
CGPOWER,Industrials
CHALET,Consumer Cyclical
CHAMBLFERT,Basic Materials
CHEMBOND,Basic Materials
CHEMBONDCH,Basic Materials
CHEMCON,Basic Materials
CHEMFAB,Basic Materials
CHEMPLASTS,Basic Materials
CHENNPETRO,Energy
CHEVIOT,Consumer Cyclical
CHOICEIN,Financial Services
CHOLAFIN,Financial Services
CHOLAHLDNG,Financial Services
CIEINDIA,Consumer Cyclical
CIFL,Financial Services
CIGNITITEC,Technology
CINELINE,Communication Services
CINEVISTA,Communication Services
CIPLA,Healthcare
CLCIND,Consumer Cyclical
CLEAN,Basic Materials
CLEANMAX,Utilities
CLEDUCATE,Consumer Defensive
CLSEL,Consumer Defensive
CMICABLES,Industrials
CMPDI,Basic Materials
CMSINFO,Industrials
CNL,Technology
COALINDIA,Energy
COASTCORP,Consumer Defensive
COCHINSHIP,Industrials
COCKERILL,Industrials
COFFEEDAY,Consumer Cyclical
COFORGE,Technology
COHANCE,Healthcare
COLPAL,Consumer Defensive
COMFINTE,Unknown
COMPINFO,Technology
COMPUSOFT,Consumer Defensive
COMSYN,Consumer Cyclical
CONCOR,Industrials
CONCORDBIO,Healthcare
CONFIPET,Energy
CONSOFINVT,Financial Services
CONTROLPR,Industrials
CORALFINAC,Real Estate
CORDSCABLE,Industrials
COROMANDEL,Basic Materials
CORONA,Healthcare
COSMOFIRST,Consumer Cyclical
COUNCODOS,Real Estate
CPCAP,Financial Services
CPEDU,Consumer Defensive
CPPLUS,Industrials
CRAFTSMAN,Consumer Cyclical
CRAMC,Financial Services
CREATIVEYE,Communication Services
CREDITACC,Financial Services
CREST,Financial Services
CRISIL,Financial Services
CRIZAC,Consumer Defensive
CROMPTON,Consumer Cyclical
CROWN,Industrials
CSBBANK,Financial Services
CSLFINANCE,Financial Services
CTE,Technology
CUB,Financial Services
CUBEXTUB,Basic Materials
CUMMINSIND,Industrials
CUPID,Consumer Defensive
CURAA,Technology
CYBERMEDIA,Communication Services
CYBERTECH,Technology
CYIENT,Industrials
CYIENTDLM,Technology
DABUR,Consumer Defensive
DAICHI,Unknown
DALBHARAT,Basic Materials
DALMIASUG,Consumer Defensive
DAMCAPITAL,Financial Services
DAMODARIND,Consumer Cyclical
DANGEE,Consumer Cyclical
DATAMATICS,Technology
DATAPATTNS,Industrials
DAVANGERE,Consumer Defensive
DBCORP,Communication Services
DBEIL,Industrials
DBL,Industrials
DBOL,Consumer Defensive
DBREALTY,Real Estate
DBSTOCKBRO,Financial Services
DCAL,Healthcare
DCBBANK,Financial Services
DCI,Technology
DCM,Industrials
DCMFINSERV,Financial Services
DCMNVL,Consumer Cyclical
DCMSHRIRAM,Industrials
DCMSIL,Industrials
DCMSRIND,Consumer Defensive
DCW,Basic Materials
DCXINDIA,Industrials
DDEVPLSTIK,Basic Materials
DECCANCE,Basic Materials
DECNGOLD,Unknown
DEEDEV,Industrials
DEEPAKFERT,Basic Materials
DEEPAKNTR,Basic Materials
DEEPINDS,Energy
DELHIVERY,Industrials
DELPHIFX,Financial Services
DELTACORP,Consumer Cyclical
DELTAMAGNT,Consumer Cyclical
DEN,Communication Services
DENORA,Industrials
DENTA,Industrials
DEVIT,Technology
DEVX,Real Estate
DEVYANI,Consumer Cyclical
DGCONTENT,Communication Services
DHAMPURSUG,Consumer Defensive
DHANBANK,Financial Services
DHANUKA,Basic Materials
DHARAN,Real Estate
DHARMAJ,Basic Materials
DHRUV,Industrials
DHUNINV,Financial Services
DIACABS,Industrials
DIAMINESQ,Basic Materials
DIAMONDYD,Consumer Defensive
DICIND,Basic Materials
DIFFNKG,Industrials
DIGIDRIVE,Consumer Cyclical
DIGISPICE,Financial Services
DIGITIDE,Industrials
DIGJAMLMTD,Consumer Cyclical
DIL,Industrials
DISAQ,Unknown
DISHTV,Communication Services
DIVGIITTS,Consumer Cyclical
DIVISLAB,Healthcare
DIXON,Technology
DJML,Industrials
DLF,Real Estate
DLINKINDIA,Technology
DMART,Consumer Defensive
DMCC,Basic Materials
DNAMEDIA,Communication Services
DODLA,Consumer Defensive
DOLATALGO,Financial Services
DOLLAR,Consumer Cyclical
DOLPHIN,Energy
DOMS,Industrials
DONEAR,Consumer Cyclical
DPABHUSHAN,Consumer Cyclical
DPSCLTD,Utilities
DPWIRES,Industrials
DRAGARWQ,Unknown
DRCSYSTEMS,Technology
DREAMFOLKS,Industrials
DREDGECORP,Industrials
DRREDDY,Healthcare
DSFCL,Basic Materials
DSSL,Technology
DTIL,Consumer Defensive
DUCON,Industrials
DVL,Financial Services
DWARKESH,Consumer Defensive
DYCL,Industrials
DYNAMATECH,Consumer Cyclical
DYNPRO,Basic Materials
E2E,Technology
EASEMYTRIP,Consumer Cyclical
EASTSILK,Consumer Cyclical
EBGNG,Technology
ECLERX,Technology
ECOSMOBLTY,Industrials
EDELWEISS,Financial Services
EDUCOMP,Consumer Defensive
EFCIL,Real Estate
EICHERMOT,Consumer Cyclical
EIDPARRY,Basic Materials
EIEL,Industrials
EIFFL,Consumer Defensive
EIHAHOTELS,Consumer Cyclical
EIHOTEL,Consumer Cyclical
EIMCOELECO,Industrials
EKC,Industrials
ELANTAS,Basic Materials
ELCIDIN,Unknown
ELDEHSG,Real Estate
ELECON,Industrials
ELECTCAST,Industrials
ELECTHERM,Basic Materials
ELGIEQUIP,Industrials
ELGIRUBCO,Consumer Cyclical
ELIN,Industrials
ELITECON,Unknown
ELLEN,Basic Materials
ELPROINTL,Unknown
EMAMILTD,Consumer Defensive
EMAMIPAP,Basic Materials
EMAMIREAL,Real Estate
EMBDL,Real Estate
EMCURE,Healthcare
EMIL,Consumer Cyclical
EMKAY,Financial Services
EMMBI,Consumer Cyclical
EMMVEE,Technology
EMPOWER,Unknown
EMSLIMITED,Industrials
EMUDHRA,Technology
ENDURANCE,Consumer Cyclical
ENERGYDEV,Utilities
ENGINERSIN,Industrials
ENIL,Communication Services
ENRIN,Utilities
ENTERO,Healthcare
EPACK,Consumer Cyclical
EPACKPEB,Industrials
EPIGRAL,Basic Materials
EPL,Consumer Cyclical
EQUIPPP,Technology
EQUITASBNK,Financial Services
ERIS,Healthcare
ESABINDIA,Industrials
ESAFSFB,Financial Services
ESCORTS,Industrials
ESSARSHPNG,Industrials
ESSENTIA,Consumer Defensive
ESTER,Basic Materials
ETERNAL,Consumer Cyclical
ETHOSLTD,Consumer Cyclical
EUREKAFORB,Consumer Cyclical
EUROBOND,Industrials
EUROPRATIK,Basic Materials
EUROTEXIND,Real Estate
EVEREADY,Industrials
EVERESTIND,Industrials
EXCELINDUS,Basic Materials
EXCELSOFT,Technology
EXICOM,Industrials
EXIDEIND,Consumer Cyclical
EXPLEOSOL,Technology
EXXARO,Industrials
FABTECH,Healthcare
FACT,Basic Materials
FAIRCHEMOR,Basic Materials
FAZE3Q,Consumer Cyclical
FCL,Basic Materials
FCONSUMER,Consumer Defensive
FCSSOFT,Technology
FDC,Healthcare
FEDDERSHOL,Unknown
FEDERALBNK,Financial Services
FEDFINA,Financial Services
FEL,Consumer Cyclical
FELDVR,Consumer Cyclical
FERMENTA,Unknown
FIBERWEB,Consumer Cyclical
FIEMIND,Consumer Cyclical
FILATEX,Consumer Cyclical
FILATFASH,Consumer Cyclical
FINCABLES,Industrials
FINEORG,Basic Materials
FINKURVE,Financial Services
FINOPB,Financial Services
FINPIPE,Industrials
FIRSTCRY,Consumer Cyclical
FISCHER,Healthcare
FIVESTAR,Financial Services
FLAIR,Industrials
FLEXITUFF,Consumer Cyclical
FLFL,Consumer Cyclical
FLUOROCHEM,Basic Materials
FMGOETZE,Consumer Cyclical
FMNL,Real Estate
FOCUS,Consumer Cyclical
FOODSIN,Consumer Defensive
FORCEMOT,Consumer Cyclical
FORTIS,Healthcare
FOSECOIND,Basic Materials
FRACTAL,Technology
FRONTSP,Unknown
FSL,Technology
FUSION,Financial Services
GABRIEL,Consumer Cyclical
GAEL,Consumer Defensive
GAIL,Utilities
GALAPREC,Industrials
GALAXYSURF,Basic Materials
GALLANTT,Basic Materials
GANDHAR,Energy
GANDHITUBE,Industrials
GANECOS,Consumer Cyclical
GANESHBE,Basic Materials
GANESHCP,Consumer Defensive
GANESHHOU,Real Estate
GANGAFORGE,Industrials
GANGESSECU,Consumer Defensive
GARFIBRES,Consumer Cyclical
GARUDA,Industrials
GATECH,Financial Services
GATECHDVR,Financial Services
GATEWAY,Industrials
GAUDIUMIVF,Healthcare
GAYAHWS,Industrials
GAYAPROJ,Industrials
GCSL,Financial Services
GEECEE,Real Estate
GEEKAYWIRE,Industrials
GEMAROMA,Basic Materials
GENCON,Industrials
GENESYS,Technology
GENSOL,Technology
GENUSPAPER,Basic Materials
GENUSPOWER,Industrials
GEOJITFSL,Financial Services
GESHIP,Industrials
GFLLIMITED,Financial Services
GFSTEELS,Basic Materials
GHCL,Basic Materials
GHCLTEXTIL,Consumer Cyclical
GICHSGFIN,Financial Services
GICL,Industrials
GICRE,Financial Services
GILLANDERS,Consumer Defensive
GILLETTE,Consumer Defensive
GINNIFILA,Consumer Cyclical
GIPCL,Utilities
GKENERGY,Utilities
GKSL,Healthcare
GKWLIMITED,Industrials
GLAND,Healthcare
GLAXO,Healthcare
GLENMARK,Healthcare
GLFL,Financial Services
GLOBAL,Consumer Defensive
GLOBALE,Consumer Cyclical
GLOBALVECT,Industrials
GLOBE,Consumer Cyclical
GLOBECIVIL,Industrials
GLOBUSSPR,Consumer Defensive
GLOSTERLTD,Consumer Cyclical
GLOTTIS,Industrials
GMBREW,Consumer Defensive
GMDCLTD,Energy
GMMPFAUDLR,Industrials
GMRAIRPORT,Industrials
GMRP&UI,Energy
GNA,Consumer Cyclical
GNFC,Basic Materials
GNRL,Unknown
GOACARBON,Basic Materials
GOCLCORP,Basic Materials
GOCOLORS,Consumer Cyclical
GODAVARIB,Basic Materials
GODFRYPHLP,Consumer Defensive
GODIGIT,Financial Services
GODREJAGRO,Consumer Defensive
GODREJCP,Consumer Defensive
GODREJIND,Industrials
GODREJPROP,Real Estate
GOKEX,Consumer Cyclical
GOKUL,Consumer Defensive
GOKULAGRO,Consumer Defensive
GOLDENTOBC,Consumer Defensive
GOLDIAM,Consumer Cyclical
GOLDTECH,Technology
GOODLUCK,Basic Materials
GOODYEAR,Consumer Cyclical
GOPAL,Consumer Defensive
GOYALALUM,Basic Materials
GPIL,Basic Materials
GPPL,Industrials
GPTHEALTH,Healthcare
GPTINFRA,Industrials
GRANDOAK,Unknown
GRANULES,Healthcare
GRAPHITE,Industrials
GRASIM,Basic Materials
GRAUWEIL,Basic Materials
GRAVISSHO,Unknown
GRAVITA,Industrials
GREAVESCOT,Industrials
GREENLAM,Consumer Cyclical
GREENPANEL,Basic Materials
GREENPLY,Basic Materials
GREENPOWER,Utilities
GRINDWELL,Industrials
GRINFRA,Industrials
GRMOVER,Consumer Defensive
GROBTEA,Consumer Defensive
GROWW,Financial Services
GRPLTD,Consumer Cyclical
GRSE,Industrials
GRWRHITECH,Basic Materials
GSFC,Basic Materials
GSLSU,Basic Materials
GSPCROP,Basic Materials
GSPL,Utilities
GSS,Technology
GTECJAINX,Consumer Defensive
GTL,Communication Services
GTLINFRA,Technology
GTPL,Communication Services
GUFICBIO,Healthcare
GUJALKALI,Basic Materials
GUJAPOLLO,Industrials
GUJGASLTD,Utilities
GUJRAFFIA,Unknown
GUJTHEM,Healthcare
GULFOILLUB,Basic Materials
GULFPETRO,Energy
GULPOLY,Basic Materials
GVKPIL,Utilities
GVPIL,Industrials
GVPTECH,Technology
GVT&D,Industrials
HAL,Industrials
HALDER,Consumer Defensive
HALDYNGL,Unknown
HALEOSLABS,Healthcare
HAPPSTMNDS,Technology
HAPPYFORGE,Industrials
HARDWYN,Industrials
HARIOMPIPE,Basic Materials
HARRMALAYA,Consumer Defensive
HARSHA,Industrials
HATHWAY,Communication Services
HATSUN,Consumer Defensive
HAVELLS,Industrials
HAVISHA,Consumer Cyclical
HAWKINCOOK,Consumer Cyclical
HBESD,Unknown
HBLENGINE,Industrials
HBSL,Financial Services
HCC,Industrials
HCG,Healthcare
HCL-INSYS,Technology
HCLTECH,Technology
HDBFS,Financial Services
HDFCAMC,Financial Services
HDFCBANK,Financial Services
HDFCLIFE,Financial Services
HDIL,Real Estate
HEADSUP,Consumer Cyclical
HECPROJECT,Industrials
HEG,Industrials
HEIDELBERG,Basic Materials
HEMIPROP,Real Estate
HERANBA,Basic Materials
HERITGFOOD,Consumer Defensive
HEROMOTOCO,Consumer Cyclical
HESTERBIO,Healthcare
HEXATRADEX,Financial Services
HEXT,Technology
HFCL,Technology
HGINFRA,Industrials
HGM,Technology
HGS,Industrials
HIKAL,Healthcare
HILINFRA,Industrials
HILTON,Industrials
HIMATSEIDE,Consumer Cyclical
HINDALCO,Basic Materials
HINDCOMPOS,Consumer Cyclical
HINDCON,Basic Materials
HINDCOPPER,Basic Materials
HINDOILEXP,Energy
HINDPETRO,Energy
HINDUNILVR,Consumer Defensive
HINDWAREAP,Consumer Cyclical
HINDZINC,Basic Materials
HIRECT,Industrials
HISARMETAL,Basic Materials
HITECH,Basic Materials
HITECHCORP,Consumer Cyclical
HITECHGEAR,Consumer Cyclical
HLEGLAS,Industrials
HLVLTD,Consumer Cyclical
HMAAGRO,Consumer Defensive
HMT,Industrials
HMVL,Communication Services
HNDFDS,Industrials
HOMEFIRST,Financial Services
HONASA,Consumer Defensive
HONAUT,Industrials
HONDAPOWER,Industrials
HPAL,Basic Materials
HPIL,Basic Materials
HPL,Industrials
HSCL,Basic Materials
HTMEDIA,Communication Services
HUBTOWN,Real Estate
HUDCO,Financial Services
HUHTAMAKI,Consumer Cyclical
HYBRIDFIN,Financial Services
HYUNDAI,Consumer Cyclical
IBULLSLTD,Real Estate
ICDSLTD,Real Estate
ICEMAKE,Industrials
ICICIAMC,Financial Services
ICICIBANK,Financial Services
ICICIGI,Financial Services
ICICIPRULI,Financial Services
ICIL,Consumer Cyclical
ICRA,Financial Services
IDBI,Financial Services
IDEA,Communication Services
IDEAFORGE,Technology
IDFCFIRSTB,Financial Services
IEX,Financial Services
IFBAGRO,Consumer Defensive
IFBIND,Consumer Cyclical
IFCI,Financial Services
IFGLEXPOR,Basic Materials
IGARASHI,Consumer Cyclical
IGCL,Basic Materials
IGIL,Basic Materials
IGL,Utilities
IGPL,Basic Materials
IIFL,Financial Services
IIFLCAPS,Financial Services
IITL,Financial Services
IKIO,Technology
IKS,Healthcare
IL&FSENGG,Industrials
IL&FSTRANS,Industrials
IMAGICAA,Communication Services
IMFA,Basic Materials
IMPAL,Consumer Cyclical
IMPEXFERRO,Basic Materials
INA,Technology
INCREDIBLE,Basic Materials
INDBANK,Financial Services
INDGN,Healthcare
INDHOTEL,Consumer Cyclical
INDIACEM,Basic Materials
INDIAGLYCO,Basic Materials
INDIAMART,Communication Services
INDIANB,Financial Services
INDIANCARD,Consumer Cyclical
INDIANHUME,Industrials
INDIASHLTR,Financial Services
INDIGO,Industrials
INDIGOPNTS,Basic Materials
INDIQUBE,Real Estate
INDNIPPON,Consumer Cyclical
INDOAMIN,Basic Materials
INDOBORAX,Basic Materials
INDOCO,Healthcare
INDOFARM,Industrials
INDORAMA,Consumer Cyclical
INDOSTAR,Financial Services
INDOTECH,Industrials
INDOTHAI,Financial Services
INDOUS,Basic Materials
INDOWIND,Utilities
INDPRUD,Unknown
INDRAMEDCO,Healthcare
INDSWFTLAB,Healthcare
INDTERRAIN,Consumer Cyclical
INDUSINDBK,Financial Services
INDUSTOWER,Communication Services
INFOBEAN,Technology
INFOMEDIA,Financial Services
INFY,Technology
INGERRAND,Industrials
INNOVACAP,Healthcare
INNOVANA,Technology
INNOVISION,Industrials
INOXGREEN,Utilities
INOXINDIA,Industrials
INOXWIND,Industrials
INSECTICID,Basic Materials
INSPIRISYS,Technology
INTELLECT,Technology
INTENTECH,Technology
INTERARCH,Industrials
INTLCONV,Industrials
INVENTURE,Financial Services
INVPRECQ,Unknown
IOB,Financial Services
IOC,Energy
IOLCP,Healthcare
IONEXCHANG,Industrials
IPCALAB,Healthcare
IPL,Basic Materials
IRB,Industrials
IRCON,Industrials
IRCTC,Consumer Cyclical
IREDA,Financial Services
IRFC,Financial Services
IRIS,Technology
IRISDOREME,Consumer Cyclical
IRMENERGY,Utilities
ISFT,Consumer Cyclical
ISGEC,Industrials
ISHANCH,Basic Materials
ITC,Consumer Defensive
ITCHOTELS,Consumer Cyclical
ITDC,Consumer Cyclical
ITI,Technology
IVALUE,Technology
IVC,Financial Services
IVP,Basic Materials
IWP,Unknown
IXIGO,Consumer Cyclical
IZMO,Technology
J&KBANK,Financial Services
JAGRAN,Communication Services
JAGSNPHARM,Healthcare
JAIBALAJI,Basic Materials
JAICORPLTD,Basic Materials
JAINREC,Basic Materials
JAIPURKURT,Consumer Cyclical
JAMNAAUTO,Consumer Cyclical
JARO,Consumer Defensive
JASH,Industrials
JAYAGROGN,Basic Materials
JAYBARMARU,Consumer Cyclical
JAYKAY,Industrials
JAYNECOIND,Basic Materials
JAYSREETEA,Consumer Defensive
JBCHEPHARM,Healthcare
JBMA,Consumer Cyclical
JETFREIGHT,Industrials
JGCHEM,Basic Materials
JHS,Consumer Defensive
JINDALPHOT,Financial Services
JINDALPOLY,Consumer Cyclical
JINDALSAW,Basic Materials
JINDALSTEL,Basic Materials
JINDRILL,Energy
JINDWORLD,Consumer Cyclical
JIOFIN,Financial Services
JISLDVREQS,Industrials
JISLJALEQS,Industrials
JITFINFRA,Industrials
JKCEMENT,Basic Materials
JKIL,Industrials
JKIPL,Industrials
JKLAKSHMI,Basic Materials
JKPAPER,Basic Materials
JKTYRE,Consumer Cyclical
JLHL,Healthcare
JMA,Consumer Cyclical
JMFINANCIL,Financial Services
JNKINDIA,Industrials
JOCIL,Basic Materials
JPOLYINVST,Financial Services
JPPOWER,Utilities
JSFB,Financial Services
JSL,Basic Materials
JSLL,Healthcare
JSWCEMENT,Basic Materials
JSWDULUX,Unknown
JSWENERGY,Utilities
JSWHL,Industrials
JSWINFRA,Industrials
JSWSTEEL,Basic Materials
JTEKTINDIA,Consumer Cyclical
JTLIND,Basic Materials
JUBLCPL,Basic Materials
JUBLFOOD,Consumer Cyclical
JUBLINGREA,Basic Materials
JUBLPHARMA,Healthcare
JUNIPER,Consumer Cyclical
JUSTDIAL,Communication Services
JWL,Industrials
JYOTHYLAB,Consumer Defensive
JYOTICNC,Industrials
JYOTISTRUC,Industrials
KABRAEXTRU,Industrials
KAJARIACER,Industrials
KAKATCEM,Basic Materials
KALAMANDIR,Consumer Cyclical
KALPATARU,Real Estate
KALYANI,Consumer Cyclical
KALYANIFRG,Consumer Cyclical
KALYANKJIL,Consumer Cyclical
KAMAHOLD,Unknown
KAMATHOTEL,Consumer Cyclical
KAMDHENU,Basic Materials
KAMOPAINTS,Basic Materials
KANANIIND,Consumer Cyclical
KANCHI,Unknown
KANORICHEM,Basic Materials
KANPRPLA,Consumer Cyclical
KANSAINER,Basic Materials
KAPSTON,Industrials
KARMAENG,Utilities
KARURVYSYA,Financial Services
KAUSHALYA,Industrials
KAVDEFENCE,Technology
KAYA,Consumer Defensive
KAYNES,Technology
KCP,Basic Materials
KCPSUGIND,Consumer Defensive
KDDL,Consumer Cyclical
KEC,Industrials
KECL,Industrials
KEEPLEARN,Consumer Defensive
KEI,Industrials
KELLTONTEC,Technology
KENNAMET,Industrials
KERNEX,Technology
KESORAMIND,Basic Materials
KEYFINSERV,Financial Services
KFINTECH,Technology
KHADIM,Consumer Cyclical
KHAICHEM,Basic Materials
KHAITANLTD,Industrials
KHANDSE,Financial Services
KICL,Financial Services
KILITCH,Healthcare
KIMS,Healthcare
KINGFA,Basic Materials
KIOCL,Basic Materials
KIRANVYPAR,Unknown
KIRIINDUS,Basic Materials
KIRLFER,Industrials
KIRLOSBROS,Industrials
KIRLOSENG,Industrials
KIRLOSIND,Industrials
KIRLPNU,Industrials
KITEX,Consumer Cyclical
KKCL,Consumer Cyclical
KLBRENG-B,Unknown
KMEW,Industrials
KMSUGAR,Consumer Defensive
KNAGRI,Consumer Defensive
KNRCON,Industrials
KOHINOOR,Consumer Defensive
KOKUYOCMLN,Industrials
KOLTEPATIL,Real Estate
KOPRAN,Healthcare
KOTAKBANK,Financial Services
KOTARISUG,Consumer Defensive
KOTHARIPET,Basic Materials
KOTHARIPRO,Industrials
KOTIC,Unknown
KOTYARK,Basic Materials
KOVAI,Healthcare
KPEL,Industrials
KPIGREEN,Utilities
KPIL,Industrials
KPITTECH,Technology
KPL,Unknown
KPRMILL,Consumer Cyclical
KRBL,Consumer Defensive
KREBSBIO,Healthcare
KRIDHANINF,Basic Materials
KRISHANA,Basic Materials
KRISHIVAL,Consumer Defensive
KRISHNADEF,Industrials
KRITI,Industrials
KRITIKA,Basic Materials
KRITINUT,Consumer Defensive
KRN,Technology
KRONOX,Basic Materials
KROSS,Consumer Cyclical
KRSNAA,Healthcare
KRYSTAL,Industrials
KSB,Industrials
KSCL,Basic Materials
KSHINTL,Industrials
KSHITIJPOL,Industrials
KSL,Basic Materials
KSOLVES,Technology
KSR,Consumer Cyclical
KTKBANK,Financial Services
KUANTUM,Basic Materials
KWIL,Consumer Defensive
LAGNAM,Consumer Cyclical
LAHOTIOV,Unknown
LAKPRE,Industrials
LAL,Consumer Cyclical
LALPATHLAB,Healthcare
LAMBODHARA,Consumer Cyclical
LANCORHOL,Real Estate
LANDMARK,Consumer Cyclical
LANDSMILL,Industrials
LAOPALA,Consumer Cyclical
LASA,Healthcare
LATENTVIEW,Industrials
LATTEYS,Industrials
LAURUSLABS,Healthcare
LAXMICOT,Consumer Cyclical
LAXMIDENTL,Healthcare
LAXMIINDIA,Financial Services
LCCINFOTEC,Consumer Defensive
LEMERITE,Consumer Cyclical
LEMONTREE,Consumer Cyclical
LENSKART,Healthcare
LEXUS,Industrials
LFIC,Financial Services
LGBBROSLTD,Consumer Cyclical
LGEINDIA,Technology
LGHL,Consumer Cyclical
LIBAS,Consumer Cyclical
LIBERTSHOE,Consumer Cyclical
LICHSGFIN,Financial Services
LICI,Financial Services
LIKHITHA,Energy
LINC,Industrials
LINCOLN,Healthcare
LINDEINDIA,Basic Materials
LLOYDSENGG,Industrials
LLOYDSENT,Basic Materials
LLOYDSME,Basic Materials
LMW,Industrials
LODHA,Real Estate
LOKESHMACH,Industrials
LORDSCHLO,Basic Materials
LOTUSDEV,Industrials
LOTUSEYE,Healthcare
LOVABLE,Consumer Cyclical
LOYALTEX,Consumer Cyclical
LPDC,Real Estate
LT,Industrials
LTF,Financial Services
LTFOODS,Consumer Defensive
LTM,Technology
LTTS,Technology
LUMAXIND,Consumer Cyclical
LUMAXTECH,Consumer Cyclical
LUPIN,Healthcare
LUXIND,Consumer Cyclical
LXCHEM,Basic Materials
LYKALABS,Healthcare
LYPSAGEMS,Consumer Cyclical
M&M,Consumer Cyclical
M&MFIN,Financial Services
MAANALU,Basic Materials
MACPOWER,Industrials
MADHAV,Industrials
MADHAVIPL,Unknown
MADHUCON,Industrials
MADRASFERT,Basic Materials
MAFATIND,Unknown
MAGADSUGAR,Consumer Defensive
MAGNUM,Basic Materials
MAHABANK,Financial Services
MAHAPEXLTD,Financial Services
MAHASTEEL,Basic Materials
MAHEPC,Industrials
MAHESHWARI,Industrials
MAHLIFE,Real Estate
MAHLOG,Industrials
MAHSCOOTER,Financial Services
MAHSEAMLES,Basic Materials
MAITHANALL,Basic Materials
MAJESAUT,Real Estate
MALLCOM,Industrials
MALUPAPER,Basic Materials
MAMATA,Industrials
MANAKALUCO,Basic Materials
MANAKCOAT,Industrials
MANAKSIA,Industrials
MANAKSTEEL,Basic Materials
MANALIPETC,Basic Materials
MANAPPURAM,Financial Services
MANBA,Financial Services
MANCREDIT,Financial Services
MANGALAM,Healthcare
MANGLMCEM,Basic Materials
MANINDS,Basic Materials
MANINFRA,Industrials
MANKIND,Healthcare
MANOMAY,Consumer Cyclical
MANORAMA,Consumer Defensive
MANORG,Basic Materials
MANUGRAPH,Industrials
MANYAVAR,Consumer Cyclical
MAPMYINDIA,Technology
MARALOVER,Consumer Cyclical
MARATHON,Real Estate
MARICO,Consumer Defensive
MARINE,Industrials
MARKOLINES,Industrials
MARKSANS,Healthcare
MARSONS,Industrials
MARUTI,Consumer Cyclical
MASFIN,Financial Services
MASKINVEST,Financial Services
MASTEK,Technology
MASTERTR,Financial Services
MATRIMONY,Communication Services
MAWANASUG,Consumer Defensive
MAXESTATES,Real Estate
MAXHEALTH,Healthcare
MAXIND,Healthcare
MAYURUNIQ,Consumer Cyclical
MAZDA,Industrials
MAZDOCK,Industrials
MBAPL,Basic Materials
MBEL,Industrials
MBLINFRA,Industrials
MCCHRLS-B,Unknown
MCL,Basic Materials
MCLEODRUSS,Consumer Defensive
MCLOUD,Technology
MCX,Financial Services
MEDANTA,Healthcare
MEDIASSIST,Healthcare
MEDICAMEQ,Healthcare
MEDICO,Healthcare
MEDPLUS,Healthcare
MEESHO,Consumer Cyclical
MEGASTAR,Consumer Defensive
MEIL,Industrials
MENNPIS,Unknown
MENONBE,Consumer Cyclical
MEP,Industrials
MERCANTILE,Unknown
METROBRAND,Consumer Cyclical
METROGLOBL,Industrials
METROPOLIS,Healthcare
MFML,Consumer Cyclical
MFSL,Financial Services
MGEL,Consumer Defensive
MGL,Utilities
MHLXMIRU,Consumer Cyclical
MHRIL,Consumer Cyclical
MICEL,Technology
MIDHANI,Basic Materials
MIDWESTLTD,Basic Materials
MINDACORP,Consumer Cyclical
MINDTECK,Technology
MIRCELECTR,Consumer Cyclical
MIRZAINT,Consumer Cyclical
MITCON,Industrials
MITTAL,Consumer Cyclical
MKPL,Consumer Defensive
MMFL,Industrials
MMP,Basic Materials
MMTC,Industrials
MMWL,Communication Services
MOBIKWIK,Technology
MODINATUR,Consumer Defensive
MODIRUBBER,Real Estate
MODIS,Real Estate
MODISONLTD,Industrials
MODTHREAD,Consumer Cyclical
MOHITIND,Consumer Cyclical
MOIL,Basic Materials
MOKSH,Consumer Cyclical
MOL,Basic Materials
MOLDTECH,Industrials
MOLDTKPAC,Consumer Cyclical
MONARCH,Financial Services
MONEYBOXX,Financial Services
MONTECARLO,Consumer Cyclical
MORARJEE,Consumer Cyclical
MOREPENLAB,Healthcare
MOSCHIP,Technology
MOTHERSON,Consumer Cyclical
MOTILALOFS,Financial Services
MOTISONS,Consumer Cyclical
MOTOGENFIN,Real Estate
MPHASIS,Technology
MPSLTD,Communication Services
MRF,Consumer Cyclical
MRPL,Energy
MSPL,Basic Materials
MSTCLTD,Industrials
MSUMI,Consumer Cyclical
MTARTECH,Industrials
MTEDUCARE,Consumer Defensive
MTNL,Communication Services
MUFIN,Financial Services
MUFTI,Consumer Cyclical
MUKANDLTD,Basic Materials
MUKKA,Consumer Defensive
MUKTAARTS,Communication Services
MUNJALAU,Consumer Cyclical
MUNJALSHOW,Consumer Cyclical
MURUDCERA,Industrials
MUTHOOTCAP,Financial Services
MUTHOOTFIN,Financial Services
MUTHOOTMF,Financial Services
MVGJL,Consumer Cyclical
MWL,Basic Materials
NACLIND,Basic Materials
NAGAFERT,Basic Materials
NAGREEKCAP,Financial Services
NAGREEKEXP,Consumer Cyclical
NAHARCAP,Financial Services
NAHARINDUS,Consumer Cyclical
NAHARPOLY,Consumer Cyclical
NAHARSPING,Consumer Cyclical
NAM-INDIA,Financial Services
NARMADA,Basic Materials
NATCAPSUQ,Healthcare
NATCOPHARM,Healthcare
NATHBIOGEN,Basic Materials
NATIONALUM,Basic Materials
NATIONSTD,Unknown
NAUKRI,Communication Services
NAVA,Industrials
NAVINFLUOR,Basic Materials
NAVKARCORP,Industrials
NAVKARURB,Basic Materials
NAVNETEDUL,Communication Services
NAZARA,Communication Services
NBCC,Industrials
NBIFIN,Financial Services
NCC,Industrials
NCLIND,Basic Materials
NDGL,Financial Services
NDL,Consumer Cyclical
NDLVENTURE,Communication Services
NDRAUTO,Consumer Cyclical
NDTV,Communication Services
NEAGI,Unknown
NECCLTD,Industrials
NECLIFE,Healthcare
NELCAST,Industrials
NELCO,Technology
NEOGEN,Basic Materials
NEPHROPLUS,Healthcare
NESCO,Industrials
NESTLEIND,Consumer Defensive
NETWEB,Technology
NETWORK18,Communication Services
NEUEON,Basic Materials
NEULANDLAB,Healthcare
NEWGEN,Technology
NEXTMEDIA,Communication Services
NFL,Basic Materials
NGIL,Consumer Defensive
NGLFINE,Healthcare
NH,Healthcare
NHPC,Utilities
NIACL,Financial Services
NIBE,Industrials
NIBL,Industrials
NIITLTD,Consumer Defensive
NIITMTS,Consumer Defensive
NILAINFRA,Real Estate
NILASPACES,Real Estate
NILE,Unknown
NILKAMAL,Consumer Cyclical
NIMBSPROJ,Unknown
NINSYS,Technology
NIPPOBATRY,Industrials
NIRAJ,Industrials
NIRAJISPAT,Consumer Cyclical
NIRLON,Real Estate
NITCO,Industrials
NITINSPIN,Consumer Cyclical
NITIRAJ,Technology
NITTAGELA,Basic Materials
NIVABUPA,Financial Services
NKIND,Consumer Defensive
NLCINDIA,Utilities
NMDC,Basic Materials
NOCIL,Basic Materials
NOIDATOLL,Industrials
NORBTEAEXP,Consumer Defensive
NORTHARC,Financial Services
NOVAAGRI,Basic Materials
NOVARTIND,Healthcare
NPST,Technology
NRAIL,Basic Materials
NRBBEARING,Consumer Cyclical
NRL,Industrials
NSIL,Financial Services
NSLNISP,Basic Materials
NTPC,Utilities
NTPCGREEN,Utilities
NUCLEUS,Technology
NURECA,Healthcare
NUVAMA,Financial Services
NUVOCO,Basic Materials
NYKAA,Consumer Cyclical
OAL,Basic Materials
OBCL,Industrials
OBEROIRLTY,Real Estate
OCCLLTD,Basic Materials
ODIGMA,Communication Services
OFSS,Technology
OIL,Energy
OILCOUNTUB,Energy
OLAELEC,Consumer Cyclical
OLECTRA,Industrials
OMAXAUTO,Consumer Cyclical
OMAXE,Real Estate
OMFREIGHT,Industrials
OMINFRAL,Industrials
OMKARCHEM,Basic Materials
OMNI,Industrials
OMPOWER,Industrials
ONELIFECAP,Financial Services
ONEPOINT,Industrials
ONESOURCE,Healthcare
ONGC,Energy
ONMOBILE,Communication Services
ONWARDTEC,Technology
OPTIEMUS,Technology
ORBTEXP,Consumer Cyclical
ORCHASP,Technology
ORCHPHARMA,Healthcare
ORICONENT,Consumer Cyclical
ORIENTALTL,Industrials
ORIENTBELL,Industrials
ORIENTCEM,Basic Materials
ORIENTCER,Basic Materials
ORIENTELEC,Consumer Cyclical
ORIENTHOT,Consumer Cyclical
ORIENTLTD,Consumer Cyclical
ORIENTPPR,Basic Materials
ORIENTTECH,Technology
ORISSAMINE,Basic Materials
ORKLAINDIA,Consumer Defensive
ORTEL,Communication Services
ORTINGLOBE,Healthcare
OSIAHYPER,Consumer Cyclical
OSWALAGRO,Real Estate
OSWALGREEN,Financial Services
OSWALPUMPS,Industrials
OSWALSEEDS,Basic Materials
PACEDIGITK,Technology
PAGEIND,Consumer Cyclical
PAISALO,Financial Services
PAKKA,Basic Materials
PALASHSECU,Consumer Defensive
PALREDTEC,Technology
PANACEABIO,Healthcare
PANACHE,Technology
PANAMAPET,Energy
PANSARI,Real Estate
PAR,Healthcare
PARACABLES,Technology
PARADEEP,Basic Materials
PARAGMILK,Consumer Defensive
PARAS,Industrials
PARASPETRO,Consumer Cyclical
PARKHOSPS,Healthcare
PARKHOTELS,Consumer Cyclical
PARSVNATH,Real Estate
PASHUPATI,Consumer Cyclical
PASUPTAC,Consumer Cyclical
PATANJALI,Consumer Defensive
PATELENG,Industrials
PATELRMART,Consumer Cyclical
PATINTLOG,Industrials
PAUSHAKLTD,Basic Materials
PAVNAIND,Consumer Cyclical
PAYTM,Technology
PCBL,Basic Materials
PCJEWELLER,Consumer Cyclical
PDMJEPAPER,Basic Materials
PDSL,Industrials
PEARLPOLY,Consumer Cyclical
PENIND,Industrials
PENINLAND,Real Estate
PERSISTENT,Technology
PETRONET,Energy
PFC,Financial Services
PFIZER,Healthcare
PFOCUS,Communication Services
PFS,Financial Services
PGEL,Technology
PGHH,Consumer Defensive
PGHL,Healthcare
PGIL,Consumer Cyclical
PHOENIXLTD,Real Estate
PICCADIL,Consumer Defensive
PIDILITIND,Basic Materials
PIGL,Industrials
PIIND,Basic Materials
PILANIINVS,Financial Services
PILITA,Consumer Cyclical
PINELABS,Technology
PIONEEREMB,Consumer Cyclical
PIONRINV,Unknown
PIRAMALFIN,Financial Services
PITTIENG,Industrials
PIXTRANS,Industrials
PKTEA,Consumer Defensive
PLASTIBLEN,Basic Materials
PLATIND,Basic Materials
PLAZACABLE,Industrials
PML,Unknown
PNB,Financial Services
PNBGILTS,Financial Services
PNBHOUSING,Financial Services
PNC,Communication Services
PNCINFRA,Industrials
PNGJL,Consumer Cyclical
PNGSREVA,Consumer Cyclical
POCL,Basic Materials
PODDARMENT,Basic Materials
POKARNA,Industrials
POLICYBZR,Financial Services
POLYCAB,Industrials
POLYMED,Healthcare
POLYPLEX,Basic Materials
PONNIERODE,Consumer Defensive
POONAWALLA,Financial Services
POWERGRID,Utilities
POWERICA,Industrials
POWERINDIA,Industrials
POWERMECH,Industrials
PPAP,Consumer Cyclical
PPL,Industrials
PPLPHARMA,Healthcare
PRABHA,Energy
PRADPME,Unknown
PRAENG,Real Estate
PRAJIND,Industrials
PRAKASH,Basic Materials
PRAKASHSTL,Basic Materials
PRAVEG,Unknown
PRAXIS,Consumer Cyclical
PRECAM,Consumer Cyclical
PRECOT,Consumer Cyclical
PRECWIRE,Industrials
PREMCO,Unknown
PREMEXPLN,Basic Materials
PREMIER,Industrials
PREMIERENE,Technology
PREMIERPOL,Basic Materials
PRESTIGE,Real Estate
PRICOLLTD,Consumer Cyclical
PRIMESECU,Financial Services
PRIMO,Basic Materials
PRINCEPIPE,Industrials
PRITI,Consumer Cyclical
PRITIKAUTO,Industrials
PRIVISCL,Basic Materials
PROSTARM,Industrials
PROTEAN,Technology
PROZONER,Real Estate
PRSMJOHNSN,Basic Materials
PRUDENT,Financial Services
PRUDMOULI,Consumer Defensive
PSB,Financial Services
PSPPROJECT,Industrials
PTC,Utilities
PTCIL,Industrials
PTL,Real Estate
PUNJABCHEM,Basic Materials
PURVA,Real Estate
PVP,Industrials
PVRINOX,Communication Services
PVSL,Consumer Cyclical
PWL,Consumer Defensive
PYRAMID,Consumer Cyclical
QPOWER,Industrials
QUADFUTURE,Industrials
QUESS,Industrials
QUICKHEAL,Technology
QUINT,Unknown
QUINTEGRA,Technology
RACE,Industrials
RACLGEAR,Consumer Cyclical
RADAAN,Communication Services
RADHIKAJWE,Consumer Cyclical
RADIANTCMS,Industrials
RADICO,Consumer Defensive
RADIOCITY,Communication Services
RAILTEL,Communication Services
RAIN,Basic Materials
RAINBOW,Healthcare
RAJESHEXPO,Consumer Cyclical
RAJMET,Basic Materials
RAJOOENG,Industrials
RAJPALAYAM,Unknown
RAJRATAN,Basic Materials
RAJRILTD,Consumer Cyclical
RAJSREESUG,Consumer Defensive
RAJTV,Communication Services
RAJVIR,Consumer Cyclical
RALLIS,Basic Materials
RAMANEWS,Consumer Defensive
RAMAPHO,Basic Materials
RAMASTEEL,Basic Materials
RAMCOCEM,Basic Materials
RAMCOIND,Industrials
RAMCOSYS,Technology
RAMKY,Industrials
RAMRAT,Industrials
RANASUG,Consumer Defensive
RANEHOLDIN,Consumer Cyclical
RATEGAIN,Technology
RATNAMANI,Basic Materials
RATNAVEER,Basic Materials
RAYMOND,Industrials
RAYMONDLSL,Consumer Cyclical
RAYMONDREL,Real Estate
RBA,Consumer Cyclical
RBLBANK,Financial Services
RBZJEWEL,Consumer Cyclical
RCF,Basic Materials
RCOM,Communication Services
RECLTD,Financial Services
REDINGTON,Technology
REDTAPE,Consumer Cyclical
REFEX,Energy
REGAAL,Consumer Defensive
REGENCERAM,Industrials
RELAXO,Consumer Cyclical
RELCHEMQ,Consumer Cyclical
RELIABLE,Technology
RELIANCE,Energy
RELIGARE,Financial Services
RELINFRA,Utilities
RELTD,Technology
REMSONSIND,Consumer Cyclical
RENUKA,Consumer Defensive
REPCOHOME,Financial Services
REPL,Industrials
REPRO,Industrials
RESPONIND,Basic Materials
RETAIL,Consumer Defensive
RGL,Consumer Cyclical
RHETAN,Basic Materials
RHFL,Financial Services
RHIM,Industrials
RHL,Consumer Cyclical
RICOAUTO,Consumer Cyclical
RIIL,Industrials
RISHABH,Technology
RITCO,Industrials
RITES,Industrials
RKDL,Consumer Defensive
RKEC,Industrials
RKFORGE,Industrials
RKSWAMY,Communication Services
RMC,Industrials
RMDRIP,Industrials
RML,Consumer Cyclical
RNBDENIMS,Consumer Cyclical
ROHLTD,Consumer Cyclical
ROLEXRINGS,Industrials
ROLLT,Real Estate
ROML,Consumer Defensive
ROSSARI,Basic Materials
ROSSELLIND,Industrials
ROSSTECH,Industrials
ROTO,Industrials
ROUTE,Communication Services
RPEL,Basic Materials
RPGLIFE,Healthcare
RPOWER,Utilities
RPPINFRA,Industrials
RPPL,Consumer Cyclical
RPSGVENT,Technology
RPTECH,Technology
RRIL,Unknown
RRKABEL,Industrials
RSDFIN,Unknown
RSL,Basic Materials
RSSOFTWARE,Technology
RSWM,Consumer Cyclical
RSYSTEMS,Technology
RTNINDIA,Consumer Cyclical
RTNPOWER,Utilities
RUBFILA,Basic Materials
RUBICON,Healthcare
RUBYMILLS,Consumer Cyclical
RUCHINFRA,Industrials
RUCHIRA,Basic Materials
RUDRA,Basic Materials
RUPA,Consumer Cyclical
RUSHIL,Consumer Cyclical
RUSTOMJEE,Real Estate
RVHL,Real Estate
RVNL,Industrials
RVTH,Industrials
S&SPOWER,Industrials
SAATVIKGL,Technology
SABEVENTS,Communication Services
SADBHAV,Industrials
SADBHIN,Industrials
SADHNANIQ,Basic Materials
SAFARI,Consumer Cyclical
SAGARDEEP,Basic Materials
SAGCEM,Basic Materials
SAGILITY,Healthcare
SAHLIBHFI,Financial Services
SAHYADRI,Industrials
SAIL,Basic Materials
SAILIFE,Healthcare
SAIPARENT,Healthcare
SAKAR,Healthcare
SAKHTISUG,Consumer Defensive
SAKSOFT,Technology
SAKUMA,Consumer Defensive
SALASAR,Basic Materials
SALONA,Consumer Cyclical
SALSTEEL,Basic Materials
SALZERELEC,Industrials
SAMBHAAV,Communication Services
SAMBHV,Basic Materials
SAMHI,Consumer Cyclical
SAMMAANCAP,Financial Services
SAMPANN,Basic Materials
SANATHAN,Consumer Cyclical
SANCO,Industrials
SANDESH,Communication Services
SANDHAR,Consumer Cyclical
SANDUMA,Basic Materials
SANGAMIND,Consumer Cyclical
SANGHVIMOV,Industrials
SANGINITA,Basic Materials
SANOFI,Healthcare
SANOFICONR,Healthcare
SANSERA,Consumer Cyclical
SANSTAR,Basic Materials
SANWARIA,Consumer Defensive
SAPPHIRE,Consumer Cyclical
SAPPL,Unknown
SARDAEN,Basic Materials
SAREGAMA,Communication Services
SARLAPOLY,Consumer Cyclical
SARVESHWAR,Consumer Defensive
SASKEN,Technology
SASTASUNDR,Healthcare
SATIA,Basic Materials
SATIN,Financial Services
SAURASHCEM,Basic Materials
SAYAJIHOTL,Consumer Cyclical
SBC,Industrials
SBCL,Industrials
SBFC,Financial Services
SBGLP,Real Estate
SBICARD,Financial Services
SBILIFE,Financial Services
SBIN,Financial Services
SCANSTL,Unknown
SCHAEFFLER,Consumer Cyclical
SCHAND,Communication Services
SCHNEIDER,Industrials
SCI,Industrials
SCILAL,Real Estate
SCODATUBES,Basic Materials
SCPL,Consumer Defensive
SDBL,Consumer Defensive
SEAMECLTD,Industrials
SECMARK,Industrials
SECURKLOUD,Technology
SEDEMAC,Consumer Cyclical
SEIL,Unknown
SEJALLTD,Industrials
SELMC,Consumer Cyclical
SEMAC,Industrials
SENCO,Consumer Cyclical
SENORES,Healthcare
SEPC,Industrials
SERVOTECH,Industrials
SESHAPAPER,Basic Materials
SETCO,Consumer Cyclical
SETL,Industrials
SEYAIND,Basic Materials
SFL,Consumer Cyclical
SGFIN,Financial Services
SGIL,Industrials
SGL,Consumer Cyclical
SGMART,Industrials
SHADOWFAX,Industrials
SHAH,Basic Materials
SHAHALLOYS,Basic Materials
SHAILY,Basic Materials
SHAKTIPUMP,Industrials
SHALBY,Healthcare
SHALPAINTS,Basic Materials
SHANKARA,Consumer Cyclical
SHANTI,Consumer Defensive
SHANTIGEAR,Industrials
SHANTIGOLD,Consumer Cyclical
SHARDACROP,Basic Materials
SHARDAMOTR,Consumer Cyclical
SHARDUL,Financial Services
SHAREINDIA,Financial Services
SHBAJRG,Unknown
SHEKHAWATI,Consumer Cyclical
SHEMAROO,Communication Services
SHILCTECH,Industrials
SHILPAMED,Healthcare
SHINDL,Unknown
SHIVALIK,Basic Materials
SHIVAMAUTO,Consumer Cyclical
SHIVAMILLS,Consumer Cyclical
SHIVATEX,Consumer Cyclical
SHIVAUM,Basic Materials
SHK,Basic Materials
SHOPERSTOP,Consumer Cyclical
SHRADHA,Real Estate
SHREDIGCEM,Basic Materials
SHREECEM,Basic Materials
SHREEJISPG,Industrials
SHREEPUSHK,Basic Materials
SHREERAMA,Consumer Cyclical
SHRENIK,Basic Materials
SHREYANIND,Basic Materials
SHRIKRISH,Unknown
SHRINGARMS,Consumer Cyclical
SHRIPISTON,Consumer Cyclical
SHRIRAMFIN,Financial Services
SHRIRAMPPS,Real Estate
SHYAMCENT,Basic Materials
SHYAMMETL,Basic Materials
SHYAMTEL,Technology
SICAGEN,Basic Materials
SICALLOG,Industrials
SIEMENS,Industrials
SIGACHI,Healthcare
SIGIND,Industrials
SIGMA,Technology
SIGMAADV,Industrials
SIGNATURE,Real Estate
SIGNPOST,Communication Services
SIKA,Unknown
SIKKO,Basic Materials
SIL,Consumer Cyclical
SILGO,Consumer Cyclical
SILINV,Financial Services
SILLYMONKS,Communication Services
SILVERTUC,Technology
SIMPLEXINF,Industrials
SINCLAIR,Consumer Cyclical
SINDHUTRAD,Industrials
SINGERIND,Unknown
SINTERCOM,Consumer Cyclical
SIRCA,Basic Materials
SIS,Industrials
SITINET,Communication Services
SIYSIL,Consumer Cyclical
SJS,Consumer Cyclical
SJVN,Utilities
SKFINDIA,Industrials
SKFINDUS,Industrials
SKIL,Industrials
SKIPPER,Industrials
SKMEGGPROD,Consumer Defensive
SKYGOLD,Consumer Cyclical
SMARTLINK,Technology
SMARTWORKS,Real Estate
SMCGLOBAL,Financial Services
SMLMAH,Consumer Cyclical
SMLT,Industrials
SMSPHARMA,Healthcare
SNOWMAN,Industrials
SOBHA,Real Estate
SOFTTECH,Technology
SOLARA,Healthcare
SOLARINDS,Basic Materials
SOLARWORLD,Technology
SOLEX,Technology
SOMANYCERA,Industrials
SOMATEX,Consumer Cyclical
SOMICONVEY,Industrials
SONACOMS,Consumer Cyclical
SONAL,Unknown
SONAMLTD,Consumer Cyclical
SONATSOFTW,Technology
SOTL,Basic Materials
SOUTHBANK,Financial Services
SOUTHWEST,Energy
SPAL,Consumer Cyclical
SPANDANA,Financial Services
SPARC,Healthcare
SPCENET,Financial Services
SPECIALITY,Consumer Cyclical
SPECTRUM,Industrials
SPENCERS,Consumer Cyclical
SPIC,Basic Materials
SPLIL,Consumer Cyclical
SPLPETRO,Basic Materials
SPMLINFRA,Industrials
SPORTKING,Consumer Cyclical
SRD,Basic Materials
SREEL,Consumer Cyclical
SRF,Industrials
SRGHFL,Financial Services
SRHHYPOLTD,Basic Materials
SRM,Industrials
SRPL,Consumer Defensive
SRTL,Consumer Cyclical
SSDL,Consumer Cyclical
SSWL,Consumer Cyclical
STALLION,Basic Materials
STANLEY,Consumer Cyclical
STAR,Healthcare
STARCEMENT,Basic Materials
STARHEALTH,Financial Services
STARPAPER,Basic Materials
STARTECK,Financial Services
STCINDIA,Industrials
STEELCAS,Basic Materials
STEELCITY,Financial Services
STEELXIND,Basic Materials
STEL,Financial Services
STERTOOLS,Industrials
STLNETWORK,Communication Services
STLTECH,Technology
STOVEKRAFT,Consumer Cyclical
STUDDS,Consumer Cyclical
STYL,Technology
STYLAMIND,Consumer Cyclical
STYLEBAAZA,Consumer Cyclical
STYRENIX,Basic Materials
SUBEXLTD,Technology
SUBROS,Consumer Cyclical
SUDARCOLOR,Basic Materials
SUDARSCHEM,Basic Materials
SUDEEPPHRM,Healthcare
SUKHJITS,Basic Materials
SULA,Consumer Defensive
SUMEETINDS,Consumer Cyclical
SUMICHEM,Basic Materials
SUMIT,Real Estate
SUMMITSEC,Financial Services
SUNCLAY,Industrials
SUNDARAM,Basic Materials
SUNDARMFIN,Financial Services
SUNDRMBRAK,Consumer Cyclical
SUNDRMFAST,Consumer Cyclical
SUNDROP,Consumer Defensive
SUNFLAG,Basic Materials
SUNPHARMA,Healthcare
SUNTECK,Real Estate
SUNTV,Communication Services
SUPERHOUSE,Consumer Cyclical
SUPERSPIN,Consumer Cyclical
SUPRAJIT,Consumer Cyclical
SUPREME,Real Estate
SUPREMEENG,Basic Materials
SUPREMEIND,Industrials
SUPREMEINF,Industrials
SUPRIYA,Healthcare
SURAJEST,Real Estate
SURAJLTD,Basic Materials
SURAKSHA,Healthcare
SURANASOL,Technology
SURANAT&P,Utilities
SURYALA,Unknown
SURYALAXMI,Consumer Cyclical
SURYAROSNI,Basic Materials
SURYODAY,Financial Services
SUTLEJTEX,Consumer Cyclical
SUVEN,Healthcare
SUVIDHAA,Technology
SUYOG,Communication Services
SUZLON,Industrials
SVLL,Industrials
SVPGLOB,Consumer Cyclical
SWANCORP,Industrials
SWANDEF,Industrials
SWARAJENG,Consumer Cyclical
SWELECTES,Technology
SWIGGY,Consumer Cyclical
SWSOLAR,Technology
SYMPHONY,Consumer Cyclical
SYNCOMF,Healthcare
SYNGENE,Healthcare
SYRMA,Technology
SYSTMTXC,Financial Services
TAALTECH,Unknown
TAINWALCHM,Basic Materials
TAJGVK,Consumer Cyclical
TAKE,Healthcare
TALBROAUTO,Consumer Cyclical
TAMBOLIIN,Unknown
TANLA,Technology
TARACHAND,Industrials
TARAPUR,Industrials
TARC,Real Estate
TARIL,Industrials
TARMAT,Industrials
TARSONS,Healthcare
TASTYBITE,Consumer Defensive
TATACAP,Financial Services
TATACHEM,Basic Materials
TATACOMM,Communication Services
TATACONSUM,Consumer Defensive
TATAELXSI,Technology
TATAINVEST,Financial Services
TATAPOWER,Utilities
TATASTEEL,Basic Materials
TATATECH,Technology
TATVA,Basic Materials
TBOTEK,Consumer Cyclical
TBZ,Consumer Cyclical
TCC,Unknown
TCI,Industrials
TCIEXP,Industrials
TCIFINANCE,Financial Services
TCPLPACK,Consumer Cyclical
TCS,Technology
TDPOWERSYS,Industrials
TEAMGTY,Financial Services
TEAMLEASE,Industrials
TECHM,Technology
TECHNOE,Industrials
TECHNVISN,Unknown
TECILCHEM,Financial Services
TEGA,Industrials
TEJASNET,Technology
TEMBO,Industrials
TENNIND,Consumer Cyclical
TERASOFT,Technology
TEXINFRA,Real Estate
TEXMOPIPES,Industrials
TEXRAIL,Industrials
TFCILTD,Financial Services
TFL,Financial Services
TGBHOTELS,Consumer Cyclical
THACKER,Unknown
THAKDEV,Unknown
THANGAMAYL,Consumer Cyclical
THEINVEST,Financial Services
THEJO,Industrials
THELEELA,Consumer Cyclical
THEMISMED,Healthcare
THERMAX,Industrials
THOMASCOOK,Consumer Cyclical
THOMASCOTT,Consumer Cyclical
THYROCARE,Healthcare
TI,Consumer Defensive
TICL,Industrials
TIGERLOGS,Industrials
TIIL,Industrials
TIINDIA,Industrials
TIJARIA,Industrials
TIL,Industrials
TIMETECHNO,Consumer Cyclical
TIMEX,Consumer Cyclical
TIMKEN,Industrials
TINNARUBR,Basic Materials
TIPSFILMS,Communication Services
TIPSMUSIC,Communication Services
TIRUMALCHM,Basic Materials
TIRUPATIFL,Industrials
TITAGARH,Industrials
TITAN,Consumer Cyclical
TMB,Financial Services
TMCV,Consumer Cyclical
TMPV,Consumer Cyclical
TNPETRO,Basic Materials
TNPL,Basic Materials
TNTELE,Technology
TOKYOPLAST,Consumer Cyclical
TOLINS,Consumer Cyclical
TORNTPHARM,Healthcare
TORNTPOWER,Utilities
TOTAL,Industrials
TOUCHWOOD,Communication Services
TPHQ,Industrials
TPLPLASTEH,Consumer Cyclical
TRACXN,Technology
TRANSPEK,Basic Materials
TRANSRAILL,Industrials
TRANSWORLD,Industrials
TRAVELFOOD,Consumer Cyclical
TREEHOUSE,Consumer Defensive
TREJHARA,Technology
TREL,Real Estate
TRENT,Consumer Cyclical
TRF,Industrials
TRIDENT,Consumer Cyclical
TRIGYN,Technology
TRITURBINE,Industrials
TRIVENI,Consumer Defensive
TRU,Financial Services
TRUALT,Energy
TSFINV,Financial Services
TTKHLTCARE,Healthcare
TTKPRESTIG,Consumer Cyclical
TTL,Consumer Cyclical
TTML,Communication Services
TVSELECT,Technology
TVSHLTD,Consumer Cyclical
TVSMOTOR,Consumer Cyclical
TVSSCS,Industrials
TVSSRICHAK,Consumer Cyclical
TVTODAY,Communication Services
TVVISION,Communication Services
UBL,Consumer Defensive
UCAL,Consumer Cyclical
UCOBANK,Financial Services
UDS,Industrials
UEL,Technology
UFBL,Consumer Cyclical
UFLEX,Consumer Cyclical
UFO,Communication Services
UGARSUGAR,Consumer Defensive
UGROCAP,Financial Services
UJJIVANSFB,Financial Services
ULTRACEMCO,Basic Materials
ULTRAMAR,Basic Materials
UMAEXPORTS,Consumer Defensive
UMESLTD,Consumer Defensive
UMIYA-MRO,Real Estate
UNICHEMLAB,Healthcare
UNIDT,Energy
UNIECOM,Technology
UNIENTER,Basic Materials
UNIINFO,Communication Services
UNIMECH,Industrials
UNIONBANK,Financial Services
UNIPARTS,Industrials
UNITDSPR,Consumer Defensive
UNITECH,Real Estate
UNITEDPOLY,Consumer Cyclical
UNITEDTEA,Consumer Defensive
UNIVAFOODS,Financial Services
UNIVASTU,Industrials
UNIVCABLES,Industrials
UNIVPHOTO,Healthcare
UNOMINDA,Consumer Cyclical
UPL,Basic Materials
URAVIDEF,Consumer Cyclical
URBANCO,Technology
URJA,Technology
USHAMART,Basic Materials
USK,Industrials
UTIAMC,Financial Services
UTKARSHBNK,Financial Services
UTLSOLAR,Technology
UTTAMSUGAR,Consumer Defensive
UYFINCORP,Financial Services
V2RETAIL,Consumer Cyclical
VADILALIND,Consumer Defensive
VAIBHAVGBL,Consumer Cyclical
VAISHALI,Healthcare
VAKRANGEE,Technology
VALIANTLAB,Healthcare
VALIANTORG,Basic Materials
VARDHACRLC,Consumer Cyclical
VARDMNPOLY,Consumer Cyclical
VARROC,Consumer Cyclical
VASCONEQ,Industrials
VASWANI,Basic Materials
VBL,Consumer Defensive
VCL,Consumer Cyclical
VEDL,Basic Materials
VEEDOL,Basic Materials
VELJAN,Unknown
VENKEYS,Consumer Defensive
VENTIVE,Consumer Cyclical
VENUSPIPES,Basic Materials
VENUSREM,Healthcare
VERANDA,Consumer Defensive
VERTOZ,Technology
VESUVIUS,Industrials
VETO,Industrials
VGL,Consumer Cyclical
VGUARD,Industrials
VHL,Financial Services
VHLTD,Consumer Cyclical
VIDHIING,Basic Materials
VIDYAWIRES,Industrials
VIJAYA,Healthcare
VIJIFIN,Financial Services
VIKASECO,Basic Materials
VIKASLIFE,Consumer Defensive
VIKRAMSOLR,Technology
VIKRAN,Industrials
VIMTALABS,Healthcare
VINATIORGA,Basic Materials
VINCOFE,Consumer Defensive
VINDHYATEL,Industrials
VINEETLAB,Basic Materials
VINNY,Consumer Cyclical
VINYLINDIA,Basic Materials
VIPCLOTHNG,Consumer Cyclical
VIPIND,Consumer Cyclical
VIPULLTD,Real Estate
VIRINCHI,Technology
VISAKAIND,Industrials
VISASTEEL,Basic Materials
VISHNU,Basic Materials
VISHWARAJ,Consumer Defensive
VITAL,Basic Materials
VIVIDHA,Consumer Cyclical
VIVIMEDLAB,Healthcare
VIYASH,Healthcare
VLEGOV,Technology
VLSFINANCE,Financial Services
VMART,Consumer Cyclical
VMM,Consumer Cyclical
VMSTMT,Basic Materials
VOLTAMP,Industrials
VOLTAS,Consumer Cyclical
VPRPL,Industrials
VRAJ,Basic Materials
VRLLOG,Industrials
VSSL,Basic Materials
VSTIND,Consumer Defensive
VSTL,Basic Materials
VSTTILLERS,Industrials
VTL,Consumer Cyclical
WAAREEENER,Technology
WAAREEINDO,Technology
WAAREERTL,Utilities
WABAG,Industrials
WAKEFIT,Consumer Cyclical
WALCHANNAG,Industrials
WANBURY,Healthcare
WCIL,Industrials
WEALTH,Financial Services
WEBELSOLAR,Technology
WEIZMANIND,Consumer Cyclical
WEL,Consumer Cyclical
WELCORP,Basic Materials
WELENT,Industrials
WELINV,Financial Services
WELSPLSOL,Unknown
WELSPUNLIV,Consumer Cyclical
WENDT,Industrials
WESTLIFE,Consumer Cyclical
WEWIN,Technology
WEWORK,Real Estate
WHEELS,Consumer Cyclical
WHIRLPOOL,Consumer Cyclical
WILLAMAGOR,Financial Services
WIMPLAST,Consumer Cyclical
WINDLAS,Healthcare
WINDMACHIN,Industrials
WINSOME,Consumer Cyclical
WIPL,Basic Materials
WIPRO,Technology
WOCKPHARMA,Healthcare
WONDERLA,Consumer Cyclical
WORTHPERI,Consumer Cyclical
WPIL,Unknown
WSI,Industrials
WSTCSTPAPR,Basic Materials
XCHANGING,Technology
XELPMOC,Technology
XPROINDIA,Basic Materials
XTGLOBAL,Technology
YASHO,Basic Materials
YATHARTH,Healthcare
YATRA,Consumer Cyclical
YESBANK,Financial Services
YUKEN,Industrials
ZAGGLE,Technology
ZEEL,Communication Services
ZEELEARN,Consumer Defensive
ZEEMEDIA,Communication Services
ZENITHEXPO,Consumer Cyclical
ZENITHSTL,Basic Materials
ZENSARTECH,Technology
ZENTEC,Industrials
ZFCVINDIA,Consumer Cyclical
ZFSTEERING,Consumer Cyclical
ZIMLAB,Healthcare
ZODIAC,Unknown
ZODIACLOTH,Consumer Cyclical
ZOTA,Healthcare
ZSARACOM,Unknown
ZUARI,Basic Materials
ZUARIIND,Industrials
ZYDUSLIFE,Healthcare
ZYDUSWELL,Consumer Defensive